{
    "500.0": 0.11770080544238438,
    "569.0": 0.8282506894925001,
    "648.0": 0.10049980703188478,
    "738.0": 0.04139063544517751,
    "841.0": 0.06417198179843771,
    "958.0": 0.06168393722458111,
    "1091.0": 0.06766440858777827,
    "1242.0": 0.10733992087561274,
    "1414.0": 0.03651408063248526,
    "1610.0": 0.06378121084644793,
    "1834.0": 0.117928490495779,
    "2089.0": 0.06810174131844882,
    "2378.0": 0.30284295106453174,
    "2709.0": 0.15341940164660856,
    "3084.0": 0.0941923616415356,
    "3513.0": 0.04265173983977376,
    "4000.0": 0.08958296432567334
}