{
    "1000.0": 0.017811520142647808,
    "1875.0": 0.02053970493409477,
    "2750.0": 0.021144926073704235,
    "3625.0": 0.14326541272524862,
    "4500.0": 0.016733643321735076,
    "5375.0": 0.02929897969413039,
    "6250.0": 0.027364572209150655,
    "7125.0": 0.016241056987878644,
    "8000.0": 0.020444146894577707,
    "8875.0": 0.01736760118372576,
    "9750.0": 0.04267930753381268,
    "10625.0": 0.05739947447862736,
    "11500.0": 0.045876544254327294,
    "12375.0": 0.029574482090115574,
    "13250.0": 0.01784836156989718,
    "14125.0": 0.017499945624792533,
    "15000.0": 0.017766563455774494
}